<?xml version="1.0" encoding="UTF-8" ?> 
<!DOCTYPE project PUBLIC "project" "project.dtd" >
<project version="1.0" >
  <set param="PCW::UART1::PERIPHERAL::ENABLE" value="1" />
  <set param="PCW::UART1::GRP_FULL::ENABLE" value="0" />
  <set param="PCW::UART1::UART1::IO" value="MIO 48 .. 49" />
  <set param="PCW::I2C0::PERIPHERAL::ENABLE" value="1" />
  <set param="PCW::SD0::GRP_CD::IO" value="MIO 47" />
  <set param="PCW::SD0::GRP_POW::ENABLE" value="0" />
  <set param="PCW::SD0::GRP_CD::ENABLE" value="1" />
  <set param="PCW::SD0::SD0::IO" value="MIO 40 .. 45" />
  <set param="PCW::SD0::GRP_WP::ENABLE" value="1" />
  <set param="PCW::SD0::PERIPHERAL::ENABLE" value="1" />
  <set param="PCW::TTC0::PERIPHERAL::ENABLE" value="0" />
  <set param="PCW::TTC0::TTC0::IO" value="" />
  <set param="PCW::ENET0::ENET0::IO" value="MIO 16 .. 27" />
  <set param="PCW::ENET0::PERIPHERAL::ENABLE" value="1" />
  <set param="PCW::ENET0::GRP_MDIO::IO" value="MIO 52 .. 53" />
  <set param="PCW::ENET0::RESET::ENABLE" value="0" />
  <set param="PCW::ENET0::GRP_MDIO::ENABLE" value="1" />
  <set param="PCW::WDT::PERIPHERAL::ENABLE" value="0" />
  <set param="PCW::WDT::WDT::IO" value="" />
  <set param="PCW::MIO::MIO[7]::PULLUP" value="disabled" />
  <set param="PCW::MIO::MIO[7]::IOTYPE" value="LVCMOS 3.3V" />
  <set param="PCW::MIO::MIO[7]::SLEW" value="slow" />
  <set param="PCW::MIO::MIO[6]::PULLUP" value="disabled" />
  <set param="PCW::MIO::MIO[6]::IOTYPE" value="LVCMOS 3.3V" />
  <set param="PCW::MIO::MIO[6]::SLEW" value="fast" />
  <set param="PCW::MIO::MIO[5]::PULLUP" value="disabled" />
  <set param="PCW::MIO::MIO[5]::IOTYPE" value="LVCMOS 3.3V" />
  <set param="PCW::MIO::MIO[5]::SLEW" value="fast" />
  <set param="PCW::MIO::MIO[4]::PULLUP" value="disabled" />
  <set param="PCW::MIO::MIO[4]::IOTYPE" value="LVCMOS 3.3V" />
  <set param="PCW::MIO::MIO[4]::SLEW" value="fast" />
  <set param="PCW::MIO::MIO[8]::IOTYPE" value="LVCMOS 3.3V" />
  <set param="PCW::MIO::MIO[8]::SLEW" value="fast" />
  <set param="PCW::MIO::MIO[9]::SLEW" value="slow" />
  <set param="PCW::MIO::MIO[9]::PULLUP" value="disabled" />
  <set param="PCW::MIO::MIO[9]::IOTYPE" value="LVCMOS 3.3V" />
  <set param="PCW::MIO::MIO[8]::PULLUP" value="disabled" />
  <set param="PCW::MIO::MIO[17]::SLEW" value="fast" />
  <set param="PCW::MIO::MIO[16]::PULLUP" value="disabled" />
  <set param="PCW::MIO::MIO[16]::IOTYPE" value="LVCMOS 1.8V" />
  <set param="PCW::MIO::MIO[15]::SLEW" value="slow" />
  <set param="PCW::MIO::MIO[14]::PULLUP" value="disabled" />
  <set param="PCW::MIO::MIO[14]::IOTYPE" value="LVCMOS 3.3V" />
  <set param="PCW::MIO::MIO[13]::SLEW" value="slow" />
  <set param="PCW::MIO::MIO[12]::PULLUP" value="disabled" />
  <set param="PCW::MIO::MIO[12]::IOTYPE" value="LVCMOS 3.3V" />
  <set param="PCW::MIO::MIO[11]::SLEW" value="slow" />
  <set param="PCW::MIO::MIO[10]::PULLUP" value="disabled" />
  <set param="PCW::MIO::MIO[10]::IOTYPE" value="LVCMOS 3.3V" />
  <set param="PCW::MIO::MIO[16]::SLEW" value="fast" />
  <set param="PCW::MIO::MIO[15]::PULLUP" value="disabled" />
  <set param="PCW::MIO::MIO[15]::IOTYPE" value="LVCMOS 3.3V" />
  <set param="PCW::MIO::MIO[14]::SLEW" value="slow" />
  <set param="PCW::MIO::MIO[13]::PULLUP" value="disabled" />
  <set param="PCW::MIO::MIO[13]::IOTYPE" value="LVCMOS 3.3V" />
  <set param="PCW::MIO::MIO[12]::SLEW" value="slow" />
  <set param="PCW::MIO::MIO[11]::PULLUP" value="disabled" />
  <set param="PCW::MIO::MIO[11]::IOTYPE" value="LVCMOS 3.3V" />
  <set param="PCW::MIO::MIO[10]::SLEW" value="slow" />
  <set param="PCW::MIO::MIO[20]::PULLUP" value="disabled" />
  <set param="PCW::MIO::MIO[19]::SLEW" value="fast" />
  <set param="PCW::MIO::MIO[18]::IOTYPE" value="LVCMOS 1.8V" />
  <set param="PCW::MIO::MIO[21]::PULLUP" value="disabled" />
  <set param="PCW::MIO::MIO[21]::SLEW" value="fast" />
  <set param="PCW::MIO::MIO[20]::SLEW" value="fast" />
  <set param="PCW::MIO::MIO[19]::IOTYPE" value="LVCMOS 1.8V" />
  <set param="PCW::MIO::MIO[17]::IOTYPE" value="LVCMOS 1.8V" />
  <set param="PCW::MIO::MIO[20]::IOTYPE" value="LVCMOS 1.8V" />
  <set param="PCW::MIO::MIO[18]::PULLUP" value="disabled" />
  <set param="PCW::MIO::MIO[17]::PULLUP" value="disabled" />
  <set param="PCW::MIO::MIO[22]::PULLUP" value="disabled" />
  <set param="PCW::MIO::MIO[22]::IOTYPE" value="LVCMOS 1.8V" />
  <set param="PCW::MIO::MIO[22]::SLEW" value="fast" />
  <set param="PCW::MIO::MIO[21]::IOTYPE" value="LVCMOS 1.8V" />
  <set param="PCW::MIO::MIO[19]::PULLUP" value="disabled" />
  <set param="PCW::MIO::MIO[18]::SLEW" value="fast" />
  <set param="PCW::MIO::MIO[30]::SLEW" value="fast" />
  <set param="PCW::MIO::MIO[29]::PULLUP" value="disabled" />
  <set param="PCW::MIO::MIO[29]::IOTYPE" value="LVCMOS 1.8V" />
  <set param="PCW::MIO::MIO[28]::SLEW" value="fast" />
  <set param="PCW::MIO::MIO[27]::PULLUP" value="disabled" />
  <set param="PCW::MIO::MIO[27]::IOTYPE" value="LVCMOS 1.8V" />
  <set param="PCW::MIO::MIO[26]::SLEW" value="fast" />
  <set param="PCW::MIO::MIO[25]::PULLUP" value="disabled" />
  <set param="PCW::MIO::MIO[25]::IOTYPE" value="LVCMOS 1.8V" />
  <set param="PCW::MIO::MIO[24]::SLEW" value="fast" />
  <set param="PCW::MIO::MIO[23]::PULLUP" value="disabled" />
  <set param="PCW::MIO::MIO[23]::IOTYPE" value="LVCMOS 1.8V" />
  <set param="PCW::MIO::MIO[30]::PULLUP" value="disabled" />
  <set param="PCW::MIO::MIO[30]::IOTYPE" value="LVCMOS 1.8V" />
  <set param="PCW::MIO::MIO[29]::SLEW" value="fast" />
  <set param="PCW::MIO::MIO[28]::PULLUP" value="disabled" />
  <set param="PCW::MIO::MIO[28]::IOTYPE" value="LVCMOS 1.8V" />
  <set param="PCW::MIO::MIO[27]::SLEW" value="fast" />
  <set param="PCW::MIO::MIO[26]::PULLUP" value="disabled" />
  <set param="PCW::MIO::MIO[26]::IOTYPE" value="LVCMOS 1.8V" />
  <set param="PCW::MIO::MIO[25]::SLEW" value="fast" />
  <set param="PCW::MIO::MIO[24]::PULLUP" value="disabled" />
  <set param="PCW::MIO::MIO[24]::IOTYPE" value="LVCMOS 1.8V" />
  <set param="PCW::MIO::MIO[23]::SLEW" value="fast" />
  <set param="PCW::DDR::V4.00.A::C_S_AXI_HP2_HIGHADDR" value="0x1FFFFFFF" />
  <set param="PCW::DDR::V4.00.A::C_S_AXI_HP1_HIGHADDR" value="0x1FFFFFFF" />
  <set param="PCW::DDR::V4.00.A::C_S_AXI_HP0_HIGHADDR" value="0x1FFFFFFF" />
  <set param="PCW::UIPARAM::DDR::BOARD_DELAY3" value="0.193" />
  <set param="PCW::UIPARAM::DDR::BOARD_DELAY1" value="0.165" />
  <set param="PCW::UIPARAM::DDR::TRAIN_DATA_EYE" value="0" />
  <set param="PCW::UIPARAM::DDR::TRAIN_WRITE_LEVEL" value="0" />
  <set param="PCW::DDR::V4.00.A::C_S_AXI_HP3_BASEADDR" value="0x00000000" />
  <set param="PCW::DDR::V4.00.A::C_S_AXI_HP2_BASEADDR" value="0x00000000" />
  <set param="PCW::DDR::V4.00.A::C_S_AXI_HP1_BASEADDR" value="0x00000000" />
  <set param="PCW::DDR::V4.00.A::C_S_AXI_HP0_BASEADDR" value="0x00000000" />
  <set param="PCW::UIPARAM::DDR::BOARD_DELAY2" value="0.168" />
  <set param="PCW::UIPARAM::DDR::BOARD_DELAY0" value="0.183" />
  <set param="PCW::UIPARAM::DDR::USE_INTERNAL_VREF" value="0" />
  <set param="PCW::UIPARAM::DDR::TRAIN_READ_GATE" value="0" />
  <set param="PCW::UIPARAM::DDR::CLOCK_2_PROPOGATION_DELAY" value="180" />
  <set param="PCW::UIPARAM::DDR::CLOCK_0_PROPOGATION_DELAY" value="180" />
  <set param="PCW::UIPARAM::DDR::DQ_2_PROPOGATION_DELAY" value="180" />
  <set param="PCW::UIPARAM::DDR::DQ_0_PROPOGATION_DELAY" value="180" />
  <set param="PCW::UIPARAM::DDR::DQS_2_PROPOGATION_DELAY" value="180" />
  <set param="PCW::UIPARAM::DDR::DQS_0_PROPOGATION_DELAY" value="180" />
  <set param="PCW::UIPARAM::DDR::CLOCK_2_LENGTH_MM" value="20.6" />
  <set param="PCW::UIPARAM::DDR::CLOCK_0_LENGTH_MM" value="20.6" />
  <set param="PCW::UIPARAM::DDR::DQ_2_LENGTH_MM" value="24" />
  <set param="PCW::UIPARAM::DDR::DQ_0_LENGTH_MM" value="27" />
  <set param="PCW::UIPARAM::DDR::DQS_2_LENGTH_MM" value="22.9" />
  <set param="PCW::UIPARAM::DDR::DQS_0_LENGTH_MM" value="27.85" />
  <set param="PCW::UIPARAM::DDR::CLOCK_3_PROPOGATION_DELAY" value="180" />
  <set param="PCW::UIPARAM::DDR::CLOCK_1_PROPOGATION_DELAY" value="180" />
  <set param="PCW::UIPARAM::DDR::DQ_3_PROPOGATION_DELAY" value="180" />
  <set param="PCW::UIPARAM::DDR::DQ_1_PROPOGATION_DELAY" value="180" />
  <set param="PCW::UIPARAM::DDR::DQS_3_PROPOGATION_DELAY" value="180" />
  <set param="PCW::UIPARAM::DDR::DQS_1_PROPOGATION_DELAY" value="180" />
  <set param="PCW::UIPARAM::DDR::CLOCK_3_LENGTH_MM" value="20.6" />
  <set param="PCW::UIPARAM::DDR::CLOCK_1_LENGTH_MM" value="20.6" />
  <set param="PCW::UIPARAM::DDR::DQ_3_LENGTH_MM" value="30.45" />
  <set param="PCW::UIPARAM::DDR::DQ_1_LENGTH_MM" value="22.8" />
  <set param="PCW::UIPARAM::DDR::DQS_3_LENGTH_MM" value="29.9" />
  <set param="PCW::UIPARAM::DDR::DQS_1_LENGTH_MM" value="22.87" />
  <set param="PCW::DDR::V4.00.A::C_S_AXI_HP3_HIGHADDR" value="0x1FFFFFFF" />
  <set param="PCW::GPIO::PERIPHERAL::ENABLE" value="1" />
  <set param="PCW::GPIO::GPIO::IO" value="MIO" />
  <set param="PCW:GPIO::EMIO_GPIO::WIDTH" value="64" />
  <set param="PCW::GPIO::V2.00.A::C_EN_EMIO_GPIO" value="0" />
  <set param="PCW::SDIO::PERIPHERAL::FREQMHZ" value="50" />
  <set param="PCW::FPGA2::PERIPHERAL::FREQMHZ" value="12.288000" />
  <set param="PCW::FPGA0::PERIPHERAL::FREQMHZ" value="100.000000" />
  <set param="PCW::CRYSTAL::PERIPHERAL::FREQMHZ" value="50.000000" />
  <set param="PCW::PRESET::GLOBAL::CONFIG" value="Default" />
  <set param="PCW::CAN::PERIPHERAL::FREQMHZ" value="100" />
  <set param="PCW::UART::PERIPHERAL::FREQMHZ" value="50" />
  <set param="PCW::ENET0::PERIPHERAL::FREQMHZ" value="1000 Mbps" />
  <set param="PCW::QSPI::PERIPHERAL::FREQMHZ" value="200.000000" />
  <set param="PCW::FPGA3::PERIPHERAL::FREQMHZ" value="100.000000" />
  <set param="PCW::FPGA1::PERIPHERAL::FREQMHZ" value="175.000000" />
  <set param="PCW::APU::PERIPHERAL::FREQMHZ" value="650.000000" />
  <set param="PCW::PRESET::GLOBAL::DEFAULT" value="powerup" />
  <set param="PCW::FCLK2::PERIPHERAL::CLKSRC" value="ARM PLL" />
  <set param="PCW::FCLK1::PERIPHERAL::CLKSRC" value="DDR PLL" />
  <set param="PCW::PRESET::BANK0::VOLTAGE" value="LVCMOS 3.3V" />
  <set param="PCW::PRESET::FPGA::SPEED" value="-2" />
  <set param="PCW::PRESET::BANK1::VOLTAGE" value="LVCMOS 1.8V" />
  <set param="PCW::PRESET::FPGA::PARTNUMBER" value="xc7z010clg400-2" />
  <set param="PCW::USB0::USB0::IO" value="MIO 28 .. 39" />
  <set param="PCW::USB0::RESET::IO" value="MIO 46" />
  <set param="PCW::USB0::RESET::ENABLE" value="1" />
  <set param="PCW::USB0::PERIPHERAL::ENABLE" value="1" />
  <set param="PCW::QSPI::QSPI::IO" value="MIO 1 .. 6" />
  <set param="PCW::QSPI::PERIPHERAL::ENABLE" value="1" />
  <set param="PCW::PJTAG::PERIPHERAL::ENABLE" value="0" />
  <set param="PCW::MIO::MIO[0]::PULLUP" value="disabled" />
  <set param="PCW::MIO::MIO[0]::IOTYPE" value="LVCMOS 3.3V" />
  <set param="PCW::MIO::MIO[0]::SLEW" value="slow" />
  <set param="PCW::MIO::MIO[3]::PULLUP" value="disabled" />
  <set param="PCW::MIO::MIO[3]::IOTYPE" value="LVCMOS 3.3V" />
  <set param="PCW::MIO::MIO[3]::SLEW" value="fast" />
  <set param="PCW::MIO::MIO[2]::PULLUP" value="disabled" />
  <set param="PCW::MIO::MIO[2]::IOTYPE" value="LVCMOS 3.3V" />
  <set param="PCW::MIO::MIO[2]::SLEW" value="fast" />
  <set param="PCW::MIO::MIO[1]::PULLUP" value="disabled" />
  <set param="PCW::MIO::MIO[1]::IOTYPE" value="LVCMOS 3.3V" />
  <set param="PCW::MIO::MIO[1]::SLEW" value="fast" />
  <set param="PCW::MIO::MIO[31]::IOTYPE" value="LVCMOS 1.8V" />
  <set param="PCW::MIO::MIO[35]::SLEW" value="fast" />
  <set param="PCW::MIO::MIO[34]::PULLUP" value="disabled" />
  <set param="PCW::MIO::MIO[34]::IOTYPE" value="LVCMOS 1.8V" />
  <set param="PCW::MIO::MIO[33]::SLEW" value="fast" />
  <set param="PCW::MIO::MIO[32]::PULLUP" value="disabled" />
  <set param="PCW::MIO::MIO[32]::IOTYPE" value="LVCMOS 1.8V" />
  <set param="PCW::MIO::MIO[31]::PULLUP" value="disabled" />
  <set param="PCW::MIO::MIO[31]::SLEW" value="fast" />
  <set param="PCW::MIO::MIO[37]::SLEW" value="fast" />
  <set param="PCW::MIO::MIO[36]::PULLUP" value="disabled" />
  <set param="PCW::MIO::MIO[36]::IOTYPE" value="LVCMOS 1.8V" />
  <set param="PCW::MIO::MIO[36]::SLEW" value="fast" />
  <set param="PCW::MIO::MIO[35]::PULLUP" value="disabled" />
  <set param="PCW::MIO::MIO[35]::IOTYPE" value="LVCMOS 1.8V" />
  <set param="PCW::MIO::MIO[34]::SLEW" value="fast" />
  <set param="PCW::MIO::MIO[33]::PULLUP" value="disabled" />
  <set param="PCW::MIO::MIO[33]::IOTYPE" value="LVCMOS 1.8V" />
  <set param="PCW::MIO::MIO[32]::SLEW" value="fast" />
  <set param="PCW::MIO::MIO[38]::SLEW" value="fast" />
  <set param="PCW::MIO::MIO[37]::PULLUP" value="disabled" />
  <set param="PCW::MIO::MIO[37]::IOTYPE" value="LVCMOS 1.8V" />
  <set param="PCW::MIO::MIO[38]::PULLUP" value="disabled" />
  <set param="PCW::MIO::MIO[38]::IOTYPE" value="LVCMOS 1.8V" />
  <set param="PCW::MIO::MIO[49]::PULLUP" value="disabled" />
  <set param="PCW::MIO::MIO[49]::IOTYPE" value="LVCMOS 1.8V" />
  <set param="PCW::MIO::MIO[48]::PULLUP" value="disabled" />
  <set param="PCW::MIO::MIO[48]::IOTYPE" value="LVCMOS 1.8V" />
  <set param="PCW::MIO::MIO[50]::PULLUP" value="disabled" />
  <set param="PCW::MIO::MIO[51]::DIRECTION" value="in" />
  <set param="PCW::MIO::MIO[50]::IOTYPE" value="LVCMOS 1.8V" />
  <set param="PCW::MIO::MIO[51]::PULLUP" value="disabled" />
  <set param="PCW::MIO::MIO[51]::IOTYPE" value="LVCMOS 1.8V" />
  <set param="PCW::MIO::MIO[50]::DIRECTION" value="in" />
  <set param="PCW::UIPARAM::DDR::SPEED_BIN" value="DDR3_1066F" />
  <set param="PCW::UIPARAM::DDR::DEVICE_CAPACITY" value="2048 MBits" />
  <set param="PCW::UIPARAM::DDR::DRAM_WIDTH" value="16 Bits" />
  <set param="PCW::UIPARAM::DDR::BL" value="8" />
  <set param="PCW::UIPARAM::DDR::MEMORY_TYPE" value="DDR 3" />
  <set param="PCW::UIPARAM::DDR::T_RAS_MIN" value="35.0" />
  <set param="PCW::UIPARAM::DDR::T_RC" value="48.75" />
  <set param="PCW::UIPARAM::DDR::T_RP" value="7" />
  <set param="PCW::UIPARAM::DDR::T_RCD" value="7" />
  <set param="PCW::UIPARAM::DDR::CWL" value="6" />
  <set param="PCW::UIPARAM::DDR::CL" value="7" />
  <set param="PCW::UIPARAM::DDR::ROW_ADDR_COUNT" value="14" />
  <set param="PCW::UIPARAM::DDR::FREQ_MHZ" value="525.000000" />
  <set param="PCW::UIPARAM::DDR::DQS_TO_CLK_DELAY_0" value="-0.06" />
  <set param="PCW::UIPARAM::DDR::DQS_TO_CLK_DELAY_3" value="-0.069" />
  <set param="PCW::UIPARAM::DDR::T_FAW" value="40.0" />
  <set param="PCW::UIPARAM::DDR::PARTNO" value="MT41K128M16 JT-125" />
  <set param="PCW::UIPARAM::DDR::DQS_TO_CLK_DELAY_1" value="-0.021" />
  <set param="PCW::UIPARAM::DDR::DQS_TO_CLK_DELAY_2" value="-0.017" />
  <set param="PCW::MIO::MIO[53]::PULLUP" value="disabled" />
  <set param="PCW::MIO::MIO[52]::PULLUP" value="disabled" />
  <set param="PCW::MIO::MIO[53]::IOTYPE" value="LVCMOS 1.8V" />
  <set param="PCW::MIO::MIO[52]::IOTYPE" value="LVCMOS 1.8V" />
  <set param="PCW::MIO::MIO[39]::SLEW" value="fast" />
  <set param="PCW::MIO::MIO[44]::PULLUP" value="disabled" />
  <set param="PCW::MIO::MIO[44]::IOTYPE" value="LVCMOS 1.8V" />
  <set param="PCW::MIO::MIO[44]::SLEW" value="fast" />
  <set param="PCW::MIO::MIO[43]::PULLUP" value="disabled" />
  <set param="PCW::MIO::MIO[43]::IOTYPE" value="LVCMOS 1.8V" />
  <set param="PCW::MIO::MIO[43]::SLEW" value="fast" />
  <set param="PCW::MIO::MIO[42]::PULLUP" value="disabled" />
  <set param="PCW::MIO::MIO[42]::IOTYPE" value="LVCMOS 1.8V" />
  <set param="PCW::MIO::MIO[42]::SLEW" value="fast" />
  <set param="PCW::MIO::MIO[45]::SLEW" value="fast" />
  <set param="PCW::MIO::MIO[46]::PULLUP" value="disabled" />
  <set param="PCW::MIO::MIO[46]::IOTYPE" value="LVCMOS 1.8V" />
  <set param="PCW::MIO::MIO[45]::PULLUP" value="disabled" />
  <set param="PCW::MIO::MIO[45]::IOTYPE" value="LVCMOS 1.8V" />
  <set param="PCW::MIO::MIO[47]::PULLUP" value="disabled" />
  <set param="PCW::MIO::MIO[47]::IOTYPE" value="LVCMOS 1.8V" />
  <set param="PCW::MIO::MIO[40]::SLEW" value="fast" />
  <set param="PCW::MIO::MIO[39]::PULLUP" value="disabled" />
  <set param="PCW::MIO::MIO[39]::IOTYPE" value="LVCMOS 1.8V" />
  <set param="PCW::MIO::MIO[41]::PULLUP" value="disabled" />
  <set param="PCW::MIO::MIO[41]::IOTYPE" value="LVCMOS 1.8V" />
  <set param="PCW::MIO::MIO[41]::SLEW" value="fast" />
  <set param="PCW::MIO::MIO[40]::PULLUP" value="disabled" />
  <set param="PCW::MIO::MIO[40]::IOTYPE" value="LVCMOS 1.8V" />
</project>
